[{"model": "ojapp.score", "pk": 1, "fields": {"user": 1, "points": 10}}, {"model": "ojapp.score", "pk": 2, "fields": {"user": 3, "points": 5}}, {"model": "ojapp.problem", "pk": 1, "fields": {"name": "Add Numbers", "problem_statement": "You are given with two numbers a and b.\r\nOutput one number,that is,their sum.", "constraints": "0<a<10^8  and 0<b<10^8", "code": "AddNum", "input": "1000\r\n7000", "output": "8000", "difficult": "Easy", "ppoint": 5}}, {"model": "ojapp.problem", "pk": 2, "fields": {"name": "Arrange Number", "problem_statement": "You are given n numbers with ith number ai ,arrange numbers in increasing order.In first line you get n and in second line n number ai with in between,print n numbers in increasing order with space in between .\r\nNote: No Extra space and lines should be there.", "constraints": "1<=n<=100   &   1<=ai<=1000", "code": "ARRNUM", "input": "7 9 5 7 4 2 3 8", "output": "2 3 4 5 7 8 9", "difficult": "Easy", "ppoint": 5}}, {"model": "ojapp.solution", "pk": 72, "fields": {"username": 3, "problem": 1, "verdict": "Accepted", "solve": false, "submitted_at": "2022-07-08T16:32:27.395Z", "submitted_code": "a=int(input())\r\nb=int(input())\r\nprint(a+b,end=\"\")"}}, {"model": "ojapp.solution", "pk": 73, "fields": {"username": 1, "problem": 1, "verdict": "Accepted", "solve": false, "submitted_at": "2022-07-08T16:53:47.457Z", "submitted_code": "a=int(input())\r\nb=int(input())\r\nprint(a+b,end=\"\")"}}, {"model": "ojapp.solution", "pk": 74, "fields": {"username": 1, "problem": 2, "verdict": "Accepted", "solve": false, "submitted_at": "2022-07-08T16:54:19.128Z", "submitted_code": "#include<bits/stdc++.h>\r\n\r\nusing namespace std;\r\n\r\nint main(){\r\nint n;\r\ncin>>n;\r\nvector<int> v;\r\nfor(int i=0;i<n;i++){\r\nint num;\r\ncin>>num;\r\nv.push_back(num);\r\n}\r\nsort(v.begin(),v.end());\r\nfor(int i=0;i<(n-1);i++){\r\ncout<<v[i]<<\" \";\r\n}\r\ncout<<v[n-1];\r\n\r\nreturn 0;\r\n}\r\n"}}, {"model": "ojapp.solution", "pk": 75, "fields": {"username": 1, "problem": 1, "verdict": "Wrong Answer", "solve": false, "submitted_at": "2022-07-13T19:20:20.830Z", "submitted_code": "None"}}, {"model": "ojapp.solution", "pk": 76, "fields": {"username": 1, "problem": 1, "verdict": "Wrong Answer", "solve": false, "submitted_at": "2022-07-13T19:25:07.389Z", "submitted_code": "None"}}, {"model": "ojapp.solution", "pk": 77, "fields": {"username": 1, "problem": 1, "verdict": "Wrong Answer", "solve": false, "submitted_at": "2022-07-13T19:27:38.141Z", "submitted_code": "#include<bits/stdc++.h>\r\n\r\nusing namespace std;\r\n\r\nint main(){\r\nint a,b;\r\ncout<<\"HELLO\";\r\n}"}}, {"model": "ojapp.solution", "pk": 78, "fields": {"username": 1, "problem": 1, "verdict": "Wrong Answer", "solve": false, "submitted_at": "2022-07-13T19:28:30.484Z", "submitted_code": "#include<bits/stdc++.h>\r\n\r\nusing namespace std;\r\n\r\nint main(){\r\nint a,b;\r\ncin>>a>>b;\r\ncout<<a+b;\r\n}"}}, {"model": "ojapp.solution", "pk": 79, "fields": {"username": 1, "problem": 2, "verdict": "Wrong Answer", "solve": false, "submitted_at": "2022-07-13T19:32:59.355Z", "submitted_code": "#include<bits/stdc++.h>\r\n\r\nusing namespace std;\r\n\r\nint main(){\r\nint n;\r\ncin>>n;\r\nvector<int> v;\r\nfor(int i=0;i<n;i++){\r\nint num;\r\ncin>>num;\r\nv.push_back(num);\r\n}\r\nsort(v.begin(),v.end());\r\nfor(int i=0;i<(n-1);i++){\r\ncout<<v[i]<<\" \";\r\n}\r\ncout<<v[n-1];\r\n\r\nreturn 0;\r\n}\r\n"}}, {"model": "ojapp.solution", "pk": 80, "fields": {"username": 1, "problem": 1, "verdict": "Wrong Answer", "solve": false, "submitted_at": "2022-07-13T19:34:31.165Z", "submitted_code": "#include<bits/stdc++.h>\r\n\r\nusing namespace std;\r\n\r\nint main(){\r\nint a,b;\r\ncin>>a>>b;\r\ncout<<a+b;\r\n}"}}, {"model": "ojapp.solution", "pk": 81, "fields": {"username": 1, "problem": 1, "verdict": "Wrong Answer", "solve": false, "submitted_at": "2022-07-13T19:35:06.081Z", "submitted_code": "#include<bits/stdc++.h>\r\n\r\nusing namespace std;\r\n\r\nint main(){\r\nint a,b;\r\ncin>>a>>b;\r\ncout<<a+b;\r\n}"}}, {"model": "ojapp.solution", "pk": 82, "fields": {"username": 1, "problem": 1, "verdict": "Wrong Answer", "solve": false, "submitted_at": "2022-07-13T19:35:41.830Z", "submitted_code": "#include<bits/stdc++.h>\r\n\r\nusing namespace std;\r\n\r\nint main(){\r\nint a,b;\r\ncin>>a>>b;\r\ncout<<a+b;\r\n}"}}, {"model": "ojapp.solution", "pk": 83, "fields": {"username": 1, "problem": 1, "verdict": "Wrong Answer", "solve": false, "submitted_at": "2022-07-13T19:36:07.628Z", "submitted_code": "#include<bits/stdc++.h>\r\n\r\nusing namespace std;\r\n\r\nint main(){\r\nint a,b;\r\ncin>>a>>b;\r\ncout<<a+b;\r\n}"}}, {"model": "ojapp.solution", "pk": 84, "fields": {"username": 1, "problem": 1, "verdict": "Wrong Answer", "solve": false, "submitted_at": "2022-07-13T19:38:38.685Z", "submitted_code": "#include<bits/stdc++.h>\r\n\r\nusing namespace std;\r\n\r\nint main(){\r\nint a,b;\r\ncin>>a>>b;\r\ncout<<a+b;\r\n}"}}, {"model": "ojapp.solution", "pk": 85, "fields": {"username": 1, "problem": 1, "verdict": "Wrong Answer", "solve": false, "submitted_at": "2022-07-13T19:43:35.026Z", "submitted_code": "#include<bits/stdc++.h>\r\n\r\nusing namespace std;\r\n\r\nint main(){\r\nint a,b;\r\ncin>>a>>b;\r\ncout<<a+b;\r\n}"}}, {"model": "ojapp.solution", "pk": 86, "fields": {"username": 1, "problem": 1, "verdict": "Wrong Answer", "solve": false, "submitted_at": "2022-07-13T19:56:19.578Z", "submitted_code": "#include<bits/stdc++.h>\r\n\r\nusing namespace std;\r\n\r\nint main(){\r\nint a,b;\r\ncin>>a>>b;\r\ncout<<a+b;\r\n}"}}, {"model": "ojapp.solution", "pk": 87, "fields": {"username": 1, "problem": 1, "verdict": "Wrong Answer", "solve": false, "submitted_at": "2022-07-13T19:57:25.628Z", "submitted_code": "#include<bits/stdc++.h>\r\n\r\nusing namespace std;\r\n\r\nint main(){\r\nint a,b;\r\ncin>>a>>b;\r\ncout<<a+b;\r\n}"}}, {"model": "ojapp.solution", "pk": 88, "fields": {"username": 1, "problem": 1, "verdict": "Wrong Answer", "solve": false, "submitted_at": "2022-07-13T22:08:00.808Z", "submitted_code": "#include<bits/stdc++.h>\r\n\r\nusing namespace std;\r\n\r\nint main(){\r\nint a,b;\r\ncin>>a>>b;\r\ncout<<a+b;\r\n}"}}, {"model": "ojapp.solution", "pk": 89, "fields": {"username": 1, "problem": 1, "verdict": "Wrong Answer", "solve": false, "submitted_at": "2022-07-13T22:08:46.623Z", "submitted_code": "#include<bits/stdc++.h>\r\n\r\nusing namespace std;\r\n\r\nint main(){\r\nint a,b;\r\ncin>>a>>b;\r\ncout<<a+b;\r\n}"}}, {"model": "ojapp.solution", "pk": 90, "fields": {"username": 1, "problem": 1, "verdict": "Wrong Answer", "solve": false, "submitted_at": "2022-07-13T22:12:02.380Z", "submitted_code": "#include<bits/stdc++.h>\r\n\r\nusing namespace std;\r\n\r\nint main(){\r\nint a,b;\r\ncin>>a>>b;\r\ncout<<a+b;\r\n}"}}, {"model": "ojapp.solution", "pk": 91, "fields": {"username": 1, "problem": 1, "verdict": "Wrong Answer", "solve": false, "submitted_at": "2022-07-13T22:12:09.087Z", "submitted_code": "#include<bits/stdc++.h>\r\n\r\nusing namespace std;\r\n\r\nint main(){\r\nint a,b;\r\ncin>>a>>b;\r\ncout<<a+b;\r\n}"}}, {"model": "ojapp.solution", "pk": 92, "fields": {"username": 1, "problem": 1, "verdict": "Wrong Answer", "solve": false, "submitted_at": "2022-07-13T22:12:41.011Z", "submitted_code": "#include<bits/stdc++.h>\r\n\r\nusing namespace std;\r\n\r\nint main(){\r\nint a,b;\r\ncin>>a>>b;\r\ncout<<a+b;\r\n}"}}, {"model": "ojapp.solution", "pk": 93, "fields": {"username": 1, "problem": 1, "verdict": "Wrong Answer", "solve": false, "submitted_at": "2022-07-13T22:13:22.153Z", "submitted_code": "#include<bits/stdc++.h>\r\n\r\nusing namespace std;\r\n\r\nint main(){\r\nint a,b;\r\ncin>>a>>b;\r\ncout<<a+b;\r\n}"}}, {"model": "ojapp.solution", "pk": 94, "fields": {"username": 1, "problem": 1, "verdict": "Wrong Answer", "solve": false, "submitted_at": "2022-07-13T22:13:51.517Z", "submitted_code": "#include<bits/stdc++.h>\r\n\r\nusing namespace std;\r\n\r\nint main(){\r\nint a,b;\r\ncin>>a>>b;\r\ncout<<a+b;\r\n}"}}, {"model": "ojapp.solution", "pk": 95, "fields": {"username": 1, "problem": 1, "verdict": "Wrong Answer", "solve": false, "submitted_at": "2022-07-13T22:14:54.340Z", "submitted_code": "#include<bits/stdc++.h>\r\n\r\nusing namespace std;\r\n\r\nint main(){\r\nint a,b;\r\ncin>>a>>b;\r\ncout<<a+b;\r\n}"}}, {"model": "ojapp.solution", "pk": 96, "fields": {"username": 1, "problem": 1, "verdict": "Wrong Answer", "solve": false, "submitted_at": "2022-07-13T22:19:44.047Z", "submitted_code": "#include<bits/stdc++.h>\r\n\r\nusing namespace std;\r\n\r\nint main(){\r\nint a,b;\r\ncin>>a>>b;\r\ncout<<a+b;\r\n}"}}, {"model": "ojapp.solution", "pk": 97, "fields": {"username": 1, "problem": 1, "verdict": "Wrong Answer", "solve": false, "submitted_at": "2022-07-13T22:19:59.629Z", "submitted_code": "#include<bits/stdc++.h>\r\n\r\nusing namespace std;\r\n\r\nint main(){\r\nint a,b;\r\ncin>>a>>b;\r\ncout<<a+b;\r\n}"}}, {"model": "ojapp.solution", "pk": 98, "fields": {"username": 1, "problem": 1, "verdict": "Wrong Answer", "solve": false, "submitted_at": "2022-07-13T22:21:21.239Z", "submitted_code": "#include<bits/stdc++.h>\r\n\r\nusing namespace std;\r\n\r\nint main(){\r\nint a,b;\r\ncin>>a>>b;\r\ncout<<a+b;\r\n}"}}, {"model": "ojapp.solution", "pk": 99, "fields": {"username": 1, "problem": 1, "verdict": "Wrong Answer", "solve": false, "submitted_at": "2022-07-13T22:25:07.212Z", "submitted_code": "#include<bits/stdc++.h>\r\n\r\nusing namespace std;\r\n\r\nint main(){\r\nint a,b;\r\ncin>>a>>b;\r\ncout<<a+b;\r\n}"}}, {"model": "ojapp.solution", "pk": 100, "fields": {"username": 1, "problem": 1, "verdict": "Wrong Answer", "solve": false, "submitted_at": "2022-07-13T22:25:59.035Z", "submitted_code": "#include<bits/stdc++.h>\r\n\r\nusing namespace std;\r\n\r\nint main(){\r\nint a,b;\r\ncin>>a>>b;\r\ncout<<a+b;\r\n}"}}, {"model": "ojapp.solution", "pk": 101, "fields": {"username": 1, "problem": 1, "verdict": "Wrong Answer", "solve": false, "submitted_at": "2022-07-13T22:45:35.906Z", "submitted_code": "None"}}, {"model": "ojapp.solution", "pk": 102, "fields": {"username": 1, "problem": 1, "verdict": "Wrong Answer", "solve": false, "submitted_at": "2022-07-13T22:45:55.150Z", "submitted_code": "#include<bits/stdc++.h>\r\n\r\nusing namespace std;\r\n\r\nint main(){\r\nint a,b;\r\ncin>>a>>b;\r\ncout<<a+b;\r\n}"}}, {"model": "ojapp.solution", "pk": 103, "fields": {"username": 1, "problem": 1, "verdict": "Wrong Answer", "solve": false, "submitted_at": "2022-07-13T22:47:19.544Z", "submitted_code": "#include<bits/stdc++.h>\r\n\r\nusing namespace std;\r\n\r\nint main(){\r\nint a,b;\r\ncin>>a>>b;\r\ncout<<a+b;\r\n}"}}, {"model": "ojapp.solution", "pk": 104, "fields": {"username": 1, "problem": 1, "verdict": "Wrong Answer", "solve": false, "submitted_at": "2022-07-13T22:47:35.781Z", "submitted_code": "#include<bits/stdc++.h>\r\n\r\nusing namespace std;\r\n\r\nint main(){\r\nint a,b;\r\ncin>>a>>b;\r\ncout<<a+b;\r\n}"}}, {"model": "ojapp.solution", "pk": 105, "fields": {"username": 1, "problem": 1, "verdict": "Wrong Answer", "solve": false, "submitted_at": "2022-07-13T22:48:15.656Z", "submitted_code": "#include<bits/stdc++.h>\r\n\r\nusing namespace std;\r\n\r\nint main(){\r\nint a,b;\r\ncin>>a>>b;\r\ncout<<a+b;\r\n}"}}, {"model": "ojapp.solution", "pk": 106, "fields": {"username": 1, "problem": 1, "verdict": "Wrong Answer", "solve": false, "submitted_at": "2022-07-13T22:48:38.842Z", "submitted_code": "#include<bits/stdc++.h>\r\n\r\nusing namespace std;\r\n\r\nint main(){\r\nint a,b;\r\ncin>>a>>b;\r\ncout<<a+b;\r\n}"}}, {"model": "ojapp.solution", "pk": 107, "fields": {"username": 1, "problem": 1, "verdict": "Wrong Answer", "solve": false, "submitted_at": "2022-07-13T22:49:00.155Z", "submitted_code": "#include<bits/stdc++.h>\r\n\r\nusing namespace std;\r\n\r\nint main(){\r\nint a,b;\r\ncin>>a>>b;\r\ncout<<a+b;\r\n}"}}, {"model": "ojapp.solution", "pk": 108, "fields": {"username": 1, "problem": 1, "verdict": "Wrong Answer", "solve": false, "submitted_at": "2022-07-13T22:49:23.338Z", "submitted_code": "#include<bits/stdc++.h>\r\n\r\nusing namespace std;\r\n\r\nint main(){\r\nint a,b;\r\ncin>>a>>b;\r\ncout<<a+b;\r\n}"}}, {"model": "ojapp.solution", "pk": 109, "fields": {"username": 1, "problem": 1, "verdict": "Wrong Answer", "solve": false, "submitted_at": "2022-07-13T22:49:55.856Z", "submitted_code": "#include<bits/stdc++.h>\r\n\r\nusing namespace std;\r\n\r\nint main(){\r\nint a,b;\r\ncin>>a>>b;\r\ncout<<a+b;\r\n}"}}, {"model": "ojapp.solution", "pk": 110, "fields": {"username": 1, "problem": 1, "verdict": "Wrong Answer", "solve": false, "submitted_at": "2022-07-13T22:51:05.769Z", "submitted_code": "#include<bits/stdc++.h>\r\n\r\nusing namespace std;\r\n\r\nint main(){\r\nint a,b;\r\ncin>>a>>b;\r\ncout<<a+b;\r\n}"}}, {"model": "ojapp.solution", "pk": 111, "fields": {"username": 1, "problem": 1, "verdict": "Wrong Answer", "solve": false, "submitted_at": "2022-07-13T22:52:24.732Z", "submitted_code": "#include<bits/stdc++.h>\r\n\r\nusing namespace std;\r\n\r\nint main(){\r\nint a,b;\r\ncin>>a>>b;\r\ncout<<a+b;\r\n}"}}, {"model": "ojapp.solution", "pk": 112, "fields": {"username": 1, "problem": 1, "verdict": "Wrong Answer", "solve": false, "submitted_at": "2022-07-13T22:53:31.304Z", "submitted_code": "#include<bits/stdc++.h>\r\n\r\nusing namespace std;\r\n\r\nint main(){\r\nint a,b;\r\ncin>>a>>b;\r\ncout<<a+b;\r\n}"}}, {"model": "ojapp.solution", "pk": 113, "fields": {"username": 1, "problem": 1, "verdict": "Wrong Answer", "solve": false, "submitted_at": "2022-07-13T22:55:14.210Z", "submitted_code": "#include<bits/stdc++.h>\r\n\r\nusing namespace std;\r\n\r\nint main(){\r\nint a,b;\r\ncin>>a>>b;\r\ncout<<a+b;\r\n}"}}, {"model": "ojapp.solution", "pk": 114, "fields": {"username": 1, "problem": 1, "verdict": "Wrong Answer", "solve": false, "submitted_at": "2022-07-14T12:21:54.324Z", "submitted_code": "#include<bits/stdc++.h>\r\n\r\nusing namespace std;\r\n\r\nint main(){\r\nint a,b;\r\n// cin>>a>>b;\r\ncout<<\"Hello\"<<\"\\n\";\r\nreturn 0;\r\n}"}}, {"model": "ojapp.solution", "pk": 115, "fields": {"username": 1, "problem": 1, "verdict": "Accepted", "solve": false, "submitted_at": "2022-07-14T12:25:11.245Z", "submitted_code": "#include<bits/stdc++.h>\r\n\r\nusing namespace std;\r\n\r\nint main(){\r\nint a,b;\r\ncin>>a>>b;\r\ncout<<a+b;\r\n\r\nreturn 0;\r\n}"}}, {"model": "ojapp.solution", "pk": 116, "fields": {"username": 1, "problem": 1, "verdict": "Wrong Answer", "solve": false, "submitted_at": "2022-07-14T13:12:13.855Z", "submitted_code": "num_1=int(input())\r\nnum_2=int(input())\r\nprint(num_1+num_2,end=\"\")"}}, {"model": "ojapp.solution", "pk": 117, "fields": {"username": 1, "problem": 1, "verdict": "Wrong Answer", "solve": false, "submitted_at": "2022-07-14T13:14:07.874Z", "submitted_code": "num_1=int(input())\r\nnum_2=int(input())\r\nprint(num_1+num_2,end=\"\")"}}, {"model": "ojapp.solution", "pk": 118, "fields": {"username": 1, "problem": 1, "verdict": "Wrong Answer", "solve": false, "submitted_at": "2022-07-14T13:18:19.938Z", "submitted_code": "num_1=int(input())\r\nnum_2=int(input())\r\nprint(num_1+num_2,end=\"\")"}}, {"model": "ojapp.solution", "pk": 119, "fields": {"username": 1, "problem": 1, "verdict": "Wrong Answer", "solve": false, "submitted_at": "2022-07-14T13:18:43.625Z", "submitted_code": "num_1=int(input())\r\nnum_2=int(input())\r\nprint(num_1+num_2,end=\"\")"}}, {"model": "ojapp.solution", "pk": 120, "fields": {"username": 1, "problem": 1, "verdict": "Accepted", "solve": false, "submitted_at": "2022-07-14T13:20:13.275Z", "submitted_code": "num_1=int(input())\r\nnum_2=int(input())\r\nprint(num_1+num_2,end=\"\")"}}, {"model": "ojapp.solution", "pk": 121, "fields": {"username": 1, "problem": 1, "verdict": "Accepted", "solve": false, "submitted_at": "2022-07-14T13:20:32.534Z", "submitted_code": "num_1=int(input())\r\nnum_2=int(input())\r\nprint(num_1+num_2,end=\"\")"}}, {"model": "ojapp.solution", "pk": 122, "fields": {"username": 1, "problem": 2, "verdict": "Accepted", "solve": false, "submitted_at": "2022-07-14T13:21:47.375Z", "submitted_code": "#include<bits/stdc++.h>\r\n\r\nusing namespace std;\r\n\r\nint main(){\r\nint n;\r\ncin>>n;\r\nvector<int> v;\r\nfor(int i=0;i<n;i++){\r\nint num;\r\ncin>>num;\r\nv.push_back(num);\r\n}\r\nsort(v.begin(),v.end());\r\nfor(int i=0;i<(n-1);i++){\r\ncout<<v[i]<<\" \";\r\n}\r\ncout<<v[n-1];\r\n\r\nreturn 0;\r\n}\r\n"}}, {"model": "ojapp.solution", "pk": 123, "fields": {"username": 1, "problem": 1, "verdict": "Accepted", "solve": false, "submitted_at": "2022-07-14T13:30:57.553Z", "submitted_code": "#include<bits/stdc++.h>\r\n\r\nusing namespace std;\r\n\r\nint main(){\r\nint a,b;\r\ncin>>a>>b;\r\ncout<<a+b;\r\n}"}}, {"model": "ojapp.solution", "pk": 124, "fields": {"username": 1, "problem": 1, "verdict": "Accepted", "solve": false, "submitted_at": "2022-07-14T13:34:49.151Z", "submitted_code": "num_1=int(input())\r\nnum_2=int(input())\r\nprint(num_1+num_2)"}}, {"model": "ojapp.solution", "pk": 125, "fields": {"username": 1, "problem": 1, "verdict": "Accepted", "solve": false, "submitted_at": "2022-07-14T13:47:10.785Z", "submitted_code": "#include<bits/stdc++.h>\r\n\r\nusing namespace std;\r\n\r\nint main(){\r\nint a,b;\r\ncin>>a>>b;\r\ncout<<a+b;\r\n}"}}, {"model": "ojapp.solution", "pk": 126, "fields": {"username": 1, "problem": 1, "verdict": "Wrong Answer", "solve": false, "submitted_at": "2022-07-14T13:47:54.395Z", "submitted_code": "num_1=int(input())\r\nnum_2=int(input())\r\nprint(num_1+num_2)"}}, {"model": "ojapp.solution", "pk": 127, "fields": {"username": 1, "problem": 1, "verdict": "Accepted", "solve": false, "submitted_at": "2022-07-14T13:48:10.936Z", "submitted_code": "num_1=int(input())\r\nnum_2=int(input())\r\nprint(num_1+num_2,end=\"\")"}}, {"model": "ojapp.solution", "pk": 128, "fields": {"username": 1, "problem": 1, "verdict": "Wrong Answer", "solve": false, "submitted_at": "2022-07-15T20:03:33.189Z", "submitted_code": "a=int(input())\r\nb=int(input())\r\nprint(a+b,end=\"\")"}}, {"model": "ojapp.solution", "pk": 129, "fields": {"username": 1, "problem": 1, "verdict": "Wrong Answer", "solve": false, "submitted_at": "2022-07-15T20:05:14.859Z", "submitted_code": "a=int(input())\r\nb=int(input())\r\nprint((a+b),end=\"\")"}}, {"model": "ojapp.solution", "pk": 130, "fields": {"username": 1, "problem": 1, "verdict": "Wrong Answer", "solve": false, "submitted_at": "2022-07-15T20:14:23.469Z", "submitted_code": "a=int(input())\r\nb=int(input())\r\nprint(a+b,end=\"\")"}}, {"model": "ojapp.solution", "pk": 131, "fields": {"username": 1, "problem": 1, "verdict": "Wrong Answer", "solve": false, "submitted_at": "2022-07-15T20:15:33.748Z", "submitted_code": "a=int(input())\r\nb=int(input())\r\nprint(a+b,end=\"\")"}}, {"model": "ojapp.solution", "pk": 132, "fields": {"username": 1, "problem": 1, "verdict": "Wrong Answer", "solve": false, "submitted_at": "2022-07-15T20:17:39.336Z", "submitted_code": "a=int(input())\r\nb=int(input())\r\nprint(a+b,end=\"\")"}}, {"model": "ojapp.solution", "pk": 133, "fields": {"username": 1, "problem": 1, "verdict": "Accepted", "solve": false, "submitted_at": "2022-07-15T20:18:02.518Z", "submitted_code": "a=int(input())\r\nb=int(input())\r\nprint(a+b,end=\"\")"}}, {"model": "ojapp.solution", "pk": 134, "fields": {"username": 1, "problem": 1, "verdict": "Accepted", "solve": false, "submitted_at": "2022-07-15T20:23:14.467Z", "submitted_code": "a=int(input())\r\nb=int(input())\r\nprint(a+b,end=\"\")"}}, {"model": "ojapp.solution", "pk": 135, "fields": {"username": 1, "problem": 1, "verdict": "Accepted", "solve": false, "submitted_at": "2022-07-15T21:01:51.623Z", "submitted_code": "#include<bits/stdc++.h>\r\n\r\nusing namespace std;\r\n\r\nint main(){\r\nint a,b;\r\ncin>>a>>b;\r\ncout<<(a+b);\r\n\r\nreturn 0;\r\n}"}}, {"model": "ojapp.solution", "pk": 136, "fields": {"username": 1, "problem": 1, "verdict": "Wrong Answer", "solve": false, "submitted_at": "2022-07-15T21:03:13.673Z", "submitted_code": "a=int(input())\r\nb=int(input())\r\nprint(a+b,end=\"\")"}}, {"model": "ojapp.solution", "pk": 137, "fields": {"username": 1, "problem": 1, "verdict": "Accepted", "solve": false, "submitted_at": "2022-07-15T21:04:06.437Z", "submitted_code": "a=int(input())\r\nb=int(input())\r\nprint(a+b,end=\"\")"}}, {"model": "ojapp.solution", "pk": 138, "fields": {"username": 1, "problem": 1, "verdict": "Wrong Answer", "solve": false, "submitted_at": "2022-07-15T21:05:48.159Z", "submitted_code": "#include<bits/stdc++.h>\r\n\r\nusing namespace std;\r\n\r\nint main(){\r\nint a,b;\r\ncin>>a>>b;\r\ncout<<(a+b);\r\n\r\nreturn 0;\r\n}"}}, {"model": "ojapp.solution", "pk": 139, "fields": {"username": 1, "problem": 1, "verdict": "Accepted", "solve": false, "submitted_at": "2022-07-15T21:06:28.048Z", "submitted_code": "#include<bits/stdc++.h>\r\n\r\nusing namespace std;\r\n\r\nint main(){\r\nint a,b;\r\ncin>>a>>b;\r\ncout<<(a+b);\r\n\r\nreturn 0;\r\n}"}}, {"model": "ojapp.solution", "pk": 140, "fields": {"username": 1, "problem": 1, "verdict": "Accepted", "solve": false, "submitted_at": "2022-07-18T21:33:48.783Z", "submitted_code": "a=int(input())\r\nb=int(input())\r\nprint(a+b,end=\"\")"}}, {"model": "ojapp.solution", "pk": 141, "fields": {"username": 1, "problem": 1, "verdict": "Accepted", "solve": false, "submitted_at": "2022-07-18T21:34:24.317Z", "submitted_code": "#include<bits/stdc++.h>\r\n\r\nusing namespace std;\r\n\r\nint main(){\r\nint a,b;\r\ncin>>a>>b;\r\ncout<<a+b;\r\n}"}}, {"model": "ojapp.solution", "pk": 142, "fields": {"username": 1, "problem": 1, "verdict": "Accepted", "solve": false, "submitted_at": "2022-07-18T21:53:03.961Z", "submitted_code": "a=int(input())\r\nb=int(input())\r\nprint(a+b,end=\"\")"}}, {"model": "ojapp.solution", "pk": 143, "fields": {"username": 1, "problem": 1, "verdict": "Time Limit Exceeded", "solve": false, "submitted_at": "2022-07-18T21:53:37.822Z", "submitted_code": "#include<bits/stdc++.h>\r\n\r\nusing namespace std;\r\n\r\nint main(){\r\nint a,b;\r\ncin>>a>>b;\r\ncout<<a+b;\r\n}"}}, {"model": "ojapp.solution", "pk": 144, "fields": {"username": 1, "problem": 1, "verdict": "Accepted", "solve": false, "submitted_at": "2022-07-18T21:54:05.950Z", "submitted_code": "#include<bits/stdc++.h>\r\n\r\nusing namespace std;\r\n\r\nint main(){\r\nint a,b;\r\ncin>>a>>b;\r\ncout<<a+b;\r\n\r\nreturn 0;\r\n}"}}, {"model": "ojapp.solution", "pk": 145, "fields": {"username": 1, "problem": 1, "verdict": "Wrong Answer", "solve": false, "submitted_at": "2022-07-18T23:16:11.640Z", "submitted_code": "num_1=int(input())\r\nnum_2=int(input())\r\nprint(num_1+num_2,end=\"\")"}}, {"model": "ojapp.solution", "pk": 146, "fields": {"username": 1, "problem": 1, "verdict": "Wrong Answer", "solve": false, "submitted_at": "2022-07-18T23:17:29.590Z", "submitted_code": "num_1=int(input())\r\nnum_2=int(input())\r\nprint(num_1+num_2,end=\"\")"}}, {"model": "ojapp.solution", "pk": 147, "fields": {"username": 1, "problem": 1, "verdict": "Wrong Answer", "solve": false, "submitted_at": "2022-07-18T23:27:52.473Z", "submitted_code": "num_1=int(input())\r\nnum_2=int(input())\r\nprint(num_1+num_2)"}}, {"model": "ojapp.solution", "pk": 148, "fields": {"username": 1, "problem": 1, "verdict": "Wrong Answer", "solve": false, "submitted_at": "2022-07-18T23:28:01.616Z", "submitted_code": "num_1=int(input())\r\nnum_2=int(input())\r\nprint(num_1+num_2,end=\"\")"}}, {"model": "ojapp.solution", "pk": 149, "fields": {"username": 1, "problem": 1, "verdict": "Wrong Answer", "solve": false, "submitted_at": "2022-07-18T23:28:40.751Z", "submitted_code": "num_1=int(input())\r\nnum_2=int(input())\r\nprint(num_1+num_2,end=\"\")"}}, {"model": "ojapp.solution", "pk": 150, "fields": {"username": 1, "problem": 1, "verdict": "Accepted", "solve": false, "submitted_at": "2022-07-18T23:30:11.403Z", "submitted_code": "num_1=int(input())\r\nnum_2=int(input())\r\nprint(num_1+num_2,end=\"\")"}}, {"model": "ojapp.solution", "pk": 151, "fields": {"username": 1, "problem": 1, "verdict": "Wrong Answer", "solve": false, "submitted_at": "2022-07-18T23:30:25.914Z", "submitted_code": "num_1=int(input())\r\nnum_2=int(input())\r\nprint(num_1+num_2+1)"}}, {"model": "ojapp.solution", "pk": 152, "fields": {"username": 1, "problem": 1, "verdict": "Accepted", "solve": false, "submitted_at": "2022-07-18T23:30:34.085Z", "submitted_code": "num_1=int(input())\r\nnum_2=int(input())\r\nprint(num_1+num_2)"}}, {"model": "ojapp.solution", "pk": 153, "fields": {"username": 1, "problem": 1, "verdict": "Wrong Answer", "solve": false, "submitted_at": "2022-07-18T23:31:38.839Z", "submitted_code": "num_1=int(input())\r\nnum_2=int(input())\r\nprint(num_1+num_2+\"\\n\\n\")"}}, {"model": "ojapp.solution", "pk": 154, "fields": {"username": 1, "problem": 1, "verdict": "Wrong Answer", "solve": false, "submitted_at": "2022-07-18T23:31:50.762Z", "submitted_code": "num_1=int(input())\r\nnum_2=int(input())\r\nprint(num_1+num_2+\"\\n\")"}}, {"model": "ojapp.solution", "pk": 155, "fields": {"username": 1, "problem": 1, "verdict": "Accepted", "solve": false, "submitted_at": "2022-07-18T23:31:59.689Z", "submitted_code": "num_1=int(input())\r\nnum_2=int(input())\r\nprint(num_1+num_2)"}}, {"model": "ojapp.solution", "pk": 156, "fields": {"username": 1, "problem": 1, "verdict": "Wrong Answer", "solve": false, "submitted_at": "2022-07-18T23:32:40.378Z", "submitted_code": "num_1=int(input())\r\nnum_2=int(input())\r\nprint(num_1+num_2+\"\\n\\n\")"}}, {"model": "ojapp.solution", "pk": 157, "fields": {"username": 1, "problem": 1, "verdict": "Accepted", "solve": false, "submitted_at": "2022-07-18T23:32:49.933Z", "submitted_code": "num_1=int(input())\r\nnum_2=int(input())\r\nprint(num_1+num_2)"}}, {"model": "ojapp.solution", "pk": 158, "fields": {"username": 1, "problem": 1, "verdict": "Accepted", "solve": false, "submitted_at": "2022-07-18T23:33:01.176Z", "submitted_code": "num_1=int(input())\r\nnum_2=int(input())\r\nprint(num_1+num_2)\r\nprint()"}}, {"model": "ojapp.testcases", "pk": 1, "fields": {"input": "5 10 20 100 200 1000 1000 1 10  8 8", "output": "30 300 2000 11 16", "problem": 1}}, {"model": "admin.logentry", "pk": 1, "fields": {"action_time": "2022-07-05T09:26:06.153Z", "user": 1, "content_type": 4, "object_id": "1", "object_repr": "admin", "action_flag": 2, "change_message": "[]"}}, {"model": "admin.logentry", "pk": 2, "fields": {"action_time": "2022-07-05T10:12:06.568Z", "user": 1, "content_type": 9, "object_id": "1", "object_repr": "Add Numbers", "action_flag": 1, "change_message": "[{\"added\": {}}]"}}, {"model": "admin.logentry", "pk": 3, "fields": {"action_time": "2022-07-05T12:11:12.750Z", "user": 1, "content_type": 7, "object_id": "1", "object_repr": "5 10 20 100 200 1000 1000 1 10  8 8", "action_flag": 1, "change_message": "[{\"added\": {}}]"}}, {"model": "admin.logentry", "pk": 4, "fields": {"action_time": "2022-07-05T13:10:03.764Z", "user": 1, "content_type": 9, "object_id": "1", "object_repr": "Add Numbers", "action_flag": 2, "change_message": "[{\"changed\": {\"fields\": [\"Input\"]}}]"}}, {"model": "admin.logentry", "pk": 5, "fields": {"action_time": "2022-07-05T13:10:18.463Z", "user": 1, "content_type": 9, "object_id": "1", "object_repr": "Add Numbers", "action_flag": 2, "change_message": "[{\"changed\": {\"fields\": [\"Output\"]}}]"}}, {"model": "admin.logentry", "pk": 6, "fields": {"action_time": "2022-07-05T14:54:44.691Z", "user": 1, "content_type": 9, "object_id": "1", "object_repr": "Add Numbers", "action_flag": 2, "change_message": "[{\"changed\": {\"fields\": [\"Input\", \"Output\"]}}]"}}, {"model": "admin.logentry", "pk": 7, "fields": {"action_time": "2022-07-06T08:09:37.333Z", "user": 1, "content_type": 9, "object_id": "1", "object_repr": "Add Numbers", "action_flag": 2, "change_message": "[{\"changed\": {\"fields\": [\"Input\"]}}]"}}, {"model": "admin.logentry", "pk": 8, "fields": {"action_time": "2022-07-06T08:53:56.475Z", "user": 1, "content_type": 9, "object_id": "1", "object_repr": "Add Numbers", "action_flag": 2, "change_message": "[{\"changed\": {\"fields\": [\"Output\"]}}]"}}, {"model": "admin.logentry", "pk": 9, "fields": {"action_time": "2022-07-06T10:06:07.667Z", "user": 1, "content_type": 8, "object_id": "8", "object_repr": "Wrong Answer", "action_flag": 3, "change_message": ""}}, {"model": "admin.logentry", "pk": 10, "fields": {"action_time": "2022-07-06T10:06:07.675Z", "user": 1, "content_type": 8, "object_id": "7", "object_repr": "Wrong Answer", "action_flag": 3, "change_message": ""}}, {"model": "admin.logentry", "pk": 11, "fields": {"action_time": "2022-07-06T10:06:07.680Z", "user": 1, "content_type": 8, "object_id": "6", "object_repr": "Wrong Answer", "action_flag": 3, "change_message": ""}}, {"model": "admin.logentry", "pk": 12, "fields": {"action_time": "2022-07-06T10:06:07.688Z", "user": 1, "content_type": 8, "object_id": "5", "object_repr": "Wrong Answer", "action_flag": 3, "change_message": ""}}, {"model": "admin.logentry", "pk": 13, "fields": {"action_time": "2022-07-06T10:06:07.694Z", "user": 1, "content_type": 8, "object_id": "4", "object_repr": "Wrong Answer", "action_flag": 3, "change_message": ""}}, {"model": "admin.logentry", "pk": 14, "fields": {"action_time": "2022-07-06T10:06:07.702Z", "user": 1, "content_type": 8, "object_id": "3", "object_repr": "Wrong Answer", "action_flag": 3, "change_message": ""}}, {"model": "admin.logentry", "pk": 15, "fields": {"action_time": "2022-07-06T10:06:07.710Z", "user": 1, "content_type": 8, "object_id": "2", "object_repr": "Wrong Answer", "action_flag": 3, "change_message": ""}}, {"model": "admin.logentry", "pk": 16, "fields": {"action_time": "2022-07-06T10:06:07.717Z", "user": 1, "content_type": 8, "object_id": "1", "object_repr": "Wrong Answer", "action_flag": 3, "change_message": ""}}, {"model": "admin.logentry", "pk": 17, "fields": {"action_time": "2022-07-06T10:13:45.858Z", "user": 1, "content_type": 8, "object_id": "11", "object_repr": "Wrong Answer", "action_flag": 3, "change_message": ""}}, {"model": "admin.logentry", "pk": 18, "fields": {"action_time": "2022-07-06T10:13:45.874Z", "user": 1, "content_type": 8, "object_id": "10", "object_repr": "Wrong Answer", "action_flag": 3, "change_message": ""}}, {"model": "admin.logentry", "pk": 19, "fields": {"action_time": "2022-07-06T10:13:45.874Z", "user": 1, "content_type": 8, "object_id": "9", "object_repr": "Wrong Answer", "action_flag": 3, "change_message": ""}}, {"model": "admin.logentry", "pk": 20, "fields": {"action_time": "2022-07-06T10:51:37.312Z", "user": 1, "content_type": 8, "object_id": "27", "object_repr": "Wrong Answer", "action_flag": 3, "change_message": ""}}, {"model": "admin.logentry", "pk": 21, "fields": {"action_time": "2022-07-06T10:51:37.320Z", "user": 1, "content_type": 8, "object_id": "25", "object_repr": "Wrong Answer", "action_flag": 3, "change_message": ""}}, {"model": "admin.logentry", "pk": 22, "fields": {"action_time": "2022-07-06T10:51:37.328Z", "user": 1, "content_type": 8, "object_id": "24", "object_repr": "Wrong Answer", "action_flag": 3, "change_message": ""}}, {"model": "admin.logentry", "pk": 23, "fields": {"action_time": "2022-07-06T10:51:37.340Z", "user": 1, "content_type": 8, "object_id": "23", "object_repr": "Wrong Answer", "action_flag": 3, "change_message": ""}}, {"model": "admin.logentry", "pk": 24, "fields": {"action_time": "2022-07-06T10:51:37.346Z", "user": 1, "content_type": 8, "object_id": "22", "object_repr": "Wrong Answer", "action_flag": 3, "change_message": ""}}, {"model": "admin.logentry", "pk": 25, "fields": {"action_time": "2022-07-06T10:51:37.355Z", "user": 1, "content_type": 8, "object_id": "21", "object_repr": "Wrong Answer", "action_flag": 3, "change_message": ""}}, {"model": "admin.logentry", "pk": 26, "fields": {"action_time": "2022-07-06T10:51:37.360Z", "user": 1, "content_type": 8, "object_id": "20", "object_repr": "Wrong Answer", "action_flag": 3, "change_message": ""}}, {"model": "admin.logentry", "pk": 27, "fields": {"action_time": "2022-07-06T10:51:37.369Z", "user": 1, "content_type": 8, "object_id": "17", "object_repr": "Wrong Answer", "action_flag": 3, "change_message": ""}}, {"model": "admin.logentry", "pk": 28, "fields": {"action_time": "2022-07-06T10:51:37.377Z", "user": 1, "content_type": 8, "object_id": "16", "object_repr": "Wrong Answer", "action_flag": 3, "change_message": ""}}, {"model": "admin.logentry", "pk": 29, "fields": {"action_time": "2022-07-06T10:51:37.385Z", "user": 1, "content_type": 8, "object_id": "15", "object_repr": "Wrong Answer", "action_flag": 3, "change_message": ""}}, {"model": "admin.logentry", "pk": 30, "fields": {"action_time": "2022-07-06T10:51:37.394Z", "user": 1, "content_type": 8, "object_id": "13", "object_repr": "Wrong Answer", "action_flag": 3, "change_message": ""}}, {"model": "admin.logentry", "pk": 31, "fields": {"action_time": "2022-07-06T10:53:47.688Z", "user": 1, "content_type": 8, "object_id": "32", "object_repr": "Wrong Answer", "action_flag": 3, "change_message": ""}}, {"model": "admin.logentry", "pk": 32, "fields": {"action_time": "2022-07-06T10:53:47.699Z", "user": 1, "content_type": 8, "object_id": "31", "object_repr": "Wrong Answer", "action_flag": 3, "change_message": ""}}, {"model": "admin.logentry", "pk": 33, "fields": {"action_time": "2022-07-06T10:53:47.707Z", "user": 1, "content_type": 8, "object_id": "30", "object_repr": "Wrong Answer", "action_flag": 3, "change_message": ""}}, {"model": "admin.logentry", "pk": 34, "fields": {"action_time": "2022-07-06T10:56:23.551Z", "user": 1, "content_type": 4, "object_id": "2", "object_repr": "nandan", "action_flag": 2, "change_message": "[{\"changed\": {\"fields\": [\"password\"]}}]"}}, {"model": "admin.logentry", "pk": 35, "fields": {"action_time": "2022-07-07T08:54:58.009Z", "user": 1, "content_type": 9, "object_id": "1", "object_repr": "Add Numbers", "action_flag": 2, "change_message": "[{\"changed\": {\"fields\": [\"Input\"]}}]"}}, {"model": "admin.logentry", "pk": 36, "fields": {"action_time": "2022-07-07T08:56:11.363Z", "user": 1, "content_type": 9, "object_id": "1", "object_repr": "Add Numbers", "action_flag": 2, "change_message": "[{\"changed\": {\"fields\": [\"Input\"]}}]"}}, {"model": "admin.logentry", "pk": 37, "fields": {"action_time": "2022-07-07T09:12:52.044Z", "user": 1, "content_type": 9, "object_id": "1", "object_repr": "Add Numbers", "action_flag": 2, "change_message": "[{\"changed\": {\"fields\": [\"Input\"]}}]"}}, {"model": "admin.logentry", "pk": 38, "fields": {"action_time": "2022-07-08T08:11:42.474Z", "user": 1, "content_type": 9, "object_id": "2", "object_repr": "Arrange Number", "action_flag": 1, "change_message": "[{\"added\": {}}]"}}, {"model": "admin.logentry", "pk": 39, "fields": {"action_time": "2022-07-08T08:14:19.560Z", "user": 1, "content_type": 9, "object_id": "2", "object_repr": "Arrange Number", "action_flag": 2, "change_message": "[{\"changed\": {\"fields\": [\"Problem statement\", \"Input\"]}}]"}}, {"model": "admin.logentry", "pk": 40, "fields": {"action_time": "2022-07-08T08:20:56.877Z", "user": 1, "content_type": 9, "object_id": "2", "object_repr": "Arrange Number", "action_flag": 2, "change_message": "[{\"changed\": {\"fields\": [\"Output\"]}}]"}}, {"model": "admin.logentry", "pk": 41, "fields": {"action_time": "2022-07-08T08:22:46.556Z", "user": 1, "content_type": 9, "object_id": "2", "object_repr": "Arrange Number", "action_flag": 2, "change_message": "[{\"changed\": {\"fields\": [\"Problem statement\"]}}]"}}, {"model": "admin.logentry", "pk": 42, "fields": {"action_time": "2022-07-08T09:32:34.998Z", "user": 1, "content_type": 8, "object_id": "57", "object_repr": "Accepted", "action_flag": 3, "change_message": ""}}, {"model": "admin.logentry", "pk": 43, "fields": {"action_time": "2022-07-08T09:32:35.008Z", "user": 1, "content_type": 8, "object_id": "56", "object_repr": "Wrong Answer", "action_flag": 3, "change_message": ""}}, {"model": "admin.logentry", "pk": 44, "fields": {"action_time": "2022-07-08T09:32:35.013Z", "user": 1, "content_type": 8, "object_id": "55", "object_repr": "Wrong Answer", "action_flag": 3, "change_message": ""}}, {"model": "admin.logentry", "pk": 45, "fields": {"action_time": "2022-07-08T09:32:35.018Z", "user": 1, "content_type": 8, "object_id": "54", "object_repr": "Wrong Answer", "action_flag": 3, "change_message": ""}}, {"model": "admin.logentry", "pk": 46, "fields": {"action_time": "2022-07-08T09:32:35.023Z", "user": 1, "content_type": 8, "object_id": "53", "object_repr": "Accepted", "action_flag": 3, "change_message": ""}}, {"model": "admin.logentry", "pk": 47, "fields": {"action_time": "2022-07-08T09:32:35.027Z", "user": 1, "content_type": 8, "object_id": "52", "object_repr": "Accepted", "action_flag": 3, "change_message": ""}}, {"model": "admin.logentry", "pk": 48, "fields": {"action_time": "2022-07-08T09:32:35.032Z", "user": 1, "content_type": 8, "object_id": "51", "object_repr": "Wrong Answer", "action_flag": 3, "change_message": ""}}, {"model": "admin.logentry", "pk": 49, "fields": {"action_time": "2022-07-08T09:32:35.036Z", "user": 1, "content_type": 8, "object_id": "50", "object_repr": "Wrong Answer", "action_flag": 3, "change_message": ""}}, {"model": "admin.logentry", "pk": 50, "fields": {"action_time": "2022-07-08T09:32:35.040Z", "user": 1, "content_type": 8, "object_id": "49", "object_repr": "Wrong Answer", "action_flag": 3, "change_message": ""}}, {"model": "admin.logentry", "pk": 51, "fields": {"action_time": "2022-07-08T09:32:35.043Z", "user": 1, "content_type": 8, "object_id": "48", "object_repr": "Wrong Answer", "action_flag": 3, "change_message": ""}}, {"model": "admin.logentry", "pk": 52, "fields": {"action_time": "2022-07-08T09:32:35.047Z", "user": 1, "content_type": 8, "object_id": "47", "object_repr": "Wrong Answer", "action_flag": 3, "change_message": ""}}, {"model": "admin.logentry", "pk": 53, "fields": {"action_time": "2022-07-08T09:32:35.050Z", "user": 1, "content_type": 8, "object_id": "46", "object_repr": "Wrong Answer", "action_flag": 3, "change_message": ""}}, {"model": "admin.logentry", "pk": 54, "fields": {"action_time": "2022-07-08T09:32:35.055Z", "user": 1, "content_type": 8, "object_id": "45", "object_repr": "Accepted", "action_flag": 3, "change_message": ""}}, {"model": "admin.logentry", "pk": 55, "fields": {"action_time": "2022-07-08T09:32:35.059Z", "user": 1, "content_type": 8, "object_id": "44", "object_repr": "Wrong Answer", "action_flag": 3, "change_message": ""}}, {"model": "admin.logentry", "pk": 56, "fields": {"action_time": "2022-07-08T09:32:35.063Z", "user": 1, "content_type": 8, "object_id": "43", "object_repr": "Wrong Answer", "action_flag": 3, "change_message": ""}}, {"model": "admin.logentry", "pk": 57, "fields": {"action_time": "2022-07-08T09:32:35.067Z", "user": 1, "content_type": 8, "object_id": "42", "object_repr": "Wrong Answer", "action_flag": 3, "change_message": ""}}, {"model": "admin.logentry", "pk": 58, "fields": {"action_time": "2022-07-08T09:32:35.071Z", "user": 1, "content_type": 8, "object_id": "41", "object_repr": "Accepted", "action_flag": 3, "change_message": ""}}, {"model": "admin.logentry", "pk": 59, "fields": {"action_time": "2022-07-08T09:32:35.075Z", "user": 1, "content_type": 8, "object_id": "40", "object_repr": "Wrong Answer", "action_flag": 3, "change_message": ""}}, {"model": "admin.logentry", "pk": 60, "fields": {"action_time": "2022-07-08T09:32:35.079Z", "user": 1, "content_type": 8, "object_id": "39", "object_repr": "Wrong Answer", "action_flag": 3, "change_message": ""}}, {"model": "admin.logentry", "pk": 61, "fields": {"action_time": "2022-07-08T09:32:35.083Z", "user": 1, "content_type": 8, "object_id": "38", "object_repr": "Wrong Answer", "action_flag": 3, "change_message": ""}}, {"model": "admin.logentry", "pk": 62, "fields": {"action_time": "2022-07-08T09:32:35.087Z", "user": 1, "content_type": 8, "object_id": "37", "object_repr": "Wrong Answer", "action_flag": 3, "change_message": ""}}, {"model": "admin.logentry", "pk": 63, "fields": {"action_time": "2022-07-08T09:32:35.091Z", "user": 1, "content_type": 8, "object_id": "36", "object_repr": "Wrong Answer", "action_flag": 3, "change_message": ""}}, {"model": "admin.logentry", "pk": 64, "fields": {"action_time": "2022-07-08T09:32:35.095Z", "user": 1, "content_type": 8, "object_id": "35", "object_repr": "Wrong Answer", "action_flag": 3, "change_message": ""}}, {"model": "admin.logentry", "pk": 65, "fields": {"action_time": "2022-07-08T09:32:35.098Z", "user": 1, "content_type": 8, "object_id": "34", "object_repr": "Wrong Answer", "action_flag": 3, "change_message": ""}}, {"model": "admin.logentry", "pk": 66, "fields": {"action_time": "2022-07-08T09:32:35.102Z", "user": 1, "content_type": 8, "object_id": "33", "object_repr": "Accepted", "action_flag": 3, "change_message": ""}}, {"model": "admin.logentry", "pk": 67, "fields": {"action_time": "2022-07-08T09:32:35.106Z", "user": 1, "content_type": 8, "object_id": "29", "object_repr": "Accepted", "action_flag": 3, "change_message": ""}}, {"model": "admin.logentry", "pk": 68, "fields": {"action_time": "2022-07-08T09:32:35.110Z", "user": 1, "content_type": 8, "object_id": "28", "object_repr": "Accepted", "action_flag": 3, "change_message": ""}}, {"model": "admin.logentry", "pk": 69, "fields": {"action_time": "2022-07-08T09:32:35.114Z", "user": 1, "content_type": 8, "object_id": "26", "object_repr": "Wrong Answer", "action_flag": 3, "change_message": ""}}, {"model": "admin.logentry", "pk": 70, "fields": {"action_time": "2022-07-08T09:32:35.118Z", "user": 1, "content_type": 8, "object_id": "19", "object_repr": "Wrong Answer", "action_flag": 3, "change_message": ""}}, {"model": "admin.logentry", "pk": 71, "fields": {"action_time": "2022-07-08T09:32:35.122Z", "user": 1, "content_type": 8, "object_id": "18", "object_repr": "Accepted", "action_flag": 3, "change_message": ""}}, {"model": "admin.logentry", "pk": 72, "fields": {"action_time": "2022-07-08T09:32:35.125Z", "user": 1, "content_type": 8, "object_id": "14", "object_repr": "Accepted", "action_flag": 3, "change_message": ""}}, {"model": "admin.logentry", "pk": 73, "fields": {"action_time": "2022-07-08T09:32:35.129Z", "user": 1, "content_type": 8, "object_id": "12", "object_repr": "Accepted", "action_flag": 3, "change_message": ""}}, {"model": "admin.logentry", "pk": 74, "fields": {"action_time": "2022-07-08T10:05:44.854Z", "user": 1, "content_type": 8, "object_id": "58", "object_repr": "Accepted", "action_flag": 3, "change_message": ""}}, {"model": "admin.logentry", "pk": 75, "fields": {"action_time": "2022-07-08T10:09:59.093Z", "user": 1, "content_type": 8, "object_id": "60", "object_repr": "Accepted", "action_flag": 3, "change_message": ""}}, {"model": "admin.logentry", "pk": 76, "fields": {"action_time": "2022-07-08T10:09:59.104Z", "user": 1, "content_type": 8, "object_id": "59", "object_repr": "Accepted", "action_flag": 3, "change_message": ""}}, {"model": "admin.logentry", "pk": 77, "fields": {"action_time": "2022-07-08T10:10:50.940Z", "user": 1, "content_type": 8, "object_id": "61", "object_repr": "Accepted", "action_flag": 3, "change_message": ""}}, {"model": "admin.logentry", "pk": 78, "fields": {"action_time": "2022-07-08T10:19:21.126Z", "user": 1, "content_type": 8, "object_id": "62", "object_repr": "Accepted", "action_flag": 3, "change_message": ""}}, {"model": "admin.logentry", "pk": 79, "fields": {"action_time": "2022-07-08T10:20:30.765Z", "user": 1, "content_type": 8, "object_id": "64", "object_repr": "Accepted", "action_flag": 3, "change_message": ""}}, {"model": "admin.logentry", "pk": 80, "fields": {"action_time": "2022-07-08T10:20:30.775Z", "user": 1, "content_type": 8, "object_id": "63", "object_repr": "Wrong Answer", "action_flag": 3, "change_message": ""}}, {"model": "admin.logentry", "pk": 81, "fields": {"action_time": "2022-07-08T10:21:55.741Z", "user": 1, "content_type": 8, "object_id": "66", "object_repr": "Accepted", "action_flag": 3, "change_message": ""}}, {"model": "admin.logentry", "pk": 82, "fields": {"action_time": "2022-07-08T10:21:55.747Z", "user": 1, "content_type": 8, "object_id": "65", "object_repr": "Accepted", "action_flag": 3, "change_message": ""}}, {"model": "admin.logentry", "pk": 83, "fields": {"action_time": "2022-07-08T10:24:36.998Z", "user": 1, "content_type": 8, "object_id": "67", "object_repr": "Accepted", "action_flag": 3, "change_message": ""}}, {"model": "admin.logentry", "pk": 84, "fields": {"action_time": "2022-07-08T10:30:10.490Z", "user": 1, "content_type": 8, "object_id": "69", "object_repr": "Accepted", "action_flag": 3, "change_message": ""}}, {"model": "admin.logentry", "pk": 85, "fields": {"action_time": "2022-07-08T10:41:45.444Z", "user": 1, "content_type": 8, "object_id": "70", "object_repr": "Accepted", "action_flag": 3, "change_message": ""}}, {"model": "admin.logentry", "pk": 86, "fields": {"action_time": "2022-07-08T10:48:56.931Z", "user": 1, "content_type": 4, "object_id": "2", "object_repr": "nandan", "action_flag": 3, "change_message": ""}}, {"model": "admin.logentry", "pk": 87, "fields": {"action_time": "2022-07-08T11:12:00.211Z", "user": 1, "content_type": 10, "object_id": "1", "object_repr": "Score object (1)", "action_flag": 2, "change_message": "[{\"changed\": {\"fields\": [\"Points\"]}}]"}}, {"model": "admin.logentry", "pk": 88, "fields": {"action_time": "2022-07-08T11:12:39.975Z", "user": 1, "content_type": 8, "object_id": "71", "object_repr": "Accepted", "action_flag": 3, "change_message": ""}}, {"model": "admin.logentry", "pk": 89, "fields": {"action_time": "2022-07-08T11:12:39.982Z", "user": 1, "content_type": 8, "object_id": "68", "object_repr": "Accepted", "action_flag": 3, "change_message": ""}}, {"model": "admin.logentry", "pk": 90, "fields": {"action_time": "2022-07-08T14:04:58.369Z", "user": 1, "content_type": 9, "object_id": "2", "object_repr": "Arrange Number", "action_flag": 2, "change_message": "[{\"changed\": {\"fields\": [\"Difficult\"]}}]"}}, {"model": "admin.logentry", "pk": 91, "fields": {"action_time": "2022-07-08T14:05:14.728Z", "user": 1, "content_type": 9, "object_id": "1", "object_repr": "Add Numbers", "action_flag": 2, "change_message": "[{\"changed\": {\"fields\": [\"Difficult\"]}}]"}}, {"model": "auth.permission", "pk": 1, "fields": {"name": "Can add log entry", "content_type": 1, "codename": "add_logentry"}}, {"model": "auth.permission", "pk": 2, "fields": {"name": "Can change log entry", "content_type": 1, "codename": "change_logentry"}}, {"model": "auth.permission", "pk": 3, "fields": {"name": "Can delete log entry", "content_type": 1, "codename": "delete_logentry"}}, {"model": "auth.permission", "pk": 4, "fields": {"name": "Can view log entry", "content_type": 1, "codename": "view_logentry"}}, {"model": "auth.permission", "pk": 5, "fields": {"name": "Can add permission", "content_type": 2, "codename": "add_permission"}}, {"model": "auth.permission", "pk": 6, "fields": {"name": "Can change permission", "content_type": 2, "codename": "change_permission"}}, {"model": "auth.permission", "pk": 7, "fields": {"name": "Can delete permission", "content_type": 2, "codename": "delete_permission"}}, {"model": "auth.permission", "pk": 8, "fields": {"name": "Can view permission", "content_type": 2, "codename": "view_permission"}}, {"model": "auth.permission", "pk": 9, "fields": {"name": "Can add group", "content_type": 3, "codename": "add_group"}}, {"model": "auth.permission", "pk": 10, "fields": {"name": "Can change group", "content_type": 3, "codename": "change_group"}}, {"model": "auth.permission", "pk": 11, "fields": {"name": "Can delete group", "content_type": 3, "codename": "delete_group"}}, {"model": "auth.permission", "pk": 12, "fields": {"name": "Can view group", "content_type": 3, "codename": "view_group"}}, {"model": "auth.permission", "pk": 13, "fields": {"name": "Can add user", "content_type": 4, "codename": "add_user"}}, {"model": "auth.permission", "pk": 14, "fields": {"name": "Can change user", "content_type": 4, "codename": "change_user"}}, {"model": "auth.permission", "pk": 15, "fields": {"name": "Can delete user", "content_type": 4, "codename": "delete_user"}}, {"model": "auth.permission", "pk": 16, "fields": {"name": "Can view user", "content_type": 4, "codename": "view_user"}}, {"model": "auth.permission", "pk": 17, "fields": {"name": "Can add content type", "content_type": 5, "codename": "add_contenttype"}}, {"model": "auth.permission", "pk": 18, "fields": {"name": "Can change content type", "content_type": 5, "codename": "change_contenttype"}}, {"model": "auth.permission", "pk": 19, "fields": {"name": "Can delete content type", "content_type": 5, "codename": "delete_contenttype"}}, {"model": "auth.permission", "pk": 20, "fields": {"name": "Can view content type", "content_type": 5, "codename": "view_contenttype"}}, {"model": "auth.permission", "pk": 21, "fields": {"name": "Can add session", "content_type": 6, "codename": "add_session"}}, {"model": "auth.permission", "pk": 22, "fields": {"name": "Can change session", "content_type": 6, "codename": "change_session"}}, {"model": "auth.permission", "pk": 23, "fields": {"name": "Can delete session", "content_type": 6, "codename": "delete_session"}}, {"model": "auth.permission", "pk": 24, "fields": {"name": "Can view session", "content_type": 6, "codename": "view_session"}}, {"model": "auth.permission", "pk": 25, "fields": {"name": "Can add testcases", "content_type": 7, "codename": "add_testcases"}}, {"model": "auth.permission", "pk": 26, "fields": {"name": "Can change testcases", "content_type": 7, "codename": "change_testcases"}}, {"model": "auth.permission", "pk": 27, "fields": {"name": "Can delete testcases", "content_type": 7, "codename": "delete_testcases"}}, {"model": "auth.permission", "pk": 28, "fields": {"name": "Can view testcases", "content_type": 7, "codename": "view_testcases"}}, {"model": "auth.permission", "pk": 29, "fields": {"name": "Can add solution", "content_type": 8, "codename": "add_solution"}}, {"model": "auth.permission", "pk": 30, "fields": {"name": "Can change solution", "content_type": 8, "codename": "change_solution"}}, {"model": "auth.permission", "pk": 31, "fields": {"name": "Can delete solution", "content_type": 8, "codename": "delete_solution"}}, {"model": "auth.permission", "pk": 32, "fields": {"name": "Can view solution", "content_type": 8, "codename": "view_solution"}}, {"model": "auth.permission", "pk": 33, "fields": {"name": "Can add problem", "content_type": 9, "codename": "add_problem"}}, {"model": "auth.permission", "pk": 34, "fields": {"name": "Can change problem", "content_type": 9, "codename": "change_problem"}}, {"model": "auth.permission", "pk": 35, "fields": {"name": "Can delete problem", "content_type": 9, "codename": "delete_problem"}}, {"model": "auth.permission", "pk": 36, "fields": {"name": "Can view problem", "content_type": 9, "codename": "view_problem"}}, {"model": "auth.permission", "pk": 37, "fields": {"name": "Can add score", "content_type": 10, "codename": "add_score"}}, {"model": "auth.permission", "pk": 38, "fields": {"name": "Can change score", "content_type": 10, "codename": "change_score"}}, {"model": "auth.permission", "pk": 39, "fields": {"name": "Can delete score", "content_type": 10, "codename": "delete_score"}}, {"model": "auth.permission", "pk": 40, "fields": {"name": "Can view score", "content_type": 10, "codename": "view_score"}}, {"model": "auth.user", "pk": 1, "fields": {"password": "pbkdf2_sha256$320000$iJbABgNM6xCUXyrHHQr7K0$ny9znnTKxGx6q8v10zz3j7sd1DJqeQcnj122aOrFvik=", "last_login": "2022-07-18T16:26:25.430Z", "is_superuser": true, "username": "admin", "first_name": "", "last_name": "", "email": "", "is_staff": true, "is_active": true, "date_joined": "2022-07-02T12:26:59Z", "groups": [], "user_permissions": []}}, {"model": "auth.user", "pk": 3, "fields": {"password": "pbkdf2_sha256$320000$eQbgep074BI5RcIbHTlLLK$EJ7CPBbsPZ2EzXZhAmWvpZLjQ4Po8+rOxjKypI1Lrug=", "last_login": "2022-07-08T11:02:04.292Z", "is_superuser": false, "username": "nandan", "first_name": "", "last_name": "", "email": "", "is_staff": false, "is_active": true, "date_joined": "2022-07-08T10:49:54.771Z", "groups": [], "user_permissions": []}}, {"model": "contenttypes.contenttype", "pk": 1, "fields": {"app_label": "admin", "model": "logentry"}}, {"model": "contenttypes.contenttype", "pk": 2, "fields": {"app_label": "auth", "model": "permission"}}, {"model": "contenttypes.contenttype", "pk": 3, "fields": {"app_label": "auth", "model": "group"}}, {"model": "contenttypes.contenttype", "pk": 4, "fields": {"app_label": "auth", "model": "user"}}, {"model": "contenttypes.contenttype", "pk": 5, "fields": {"app_label": "contenttypes", "model": "contenttype"}}, {"model": "contenttypes.contenttype", "pk": 6, "fields": {"app_label": "sessions", "model": "session"}}, {"model": "contenttypes.contenttype", "pk": 7, "fields": {"app_label": "ojapp", "model": "testcases"}}, {"model": "contenttypes.contenttype", "pk": 8, "fields": {"app_label": "ojapp", "model": "solution"}}, {"model": "contenttypes.contenttype", "pk": 9, "fields": {"app_label": "ojapp", "model": "problem"}}, {"model": "contenttypes.contenttype", "pk": 10, "fields": {"app_label": "ojapp", "model": "score"}}, {"model": "sessions.session", "pk": "myonexgtgbh3cak7kef69rbqkdm45a0q", "fields": {"session_data": ".eJxVjDsOwjAQBe_iGln-LMZLSc8ZrF2vjQMokeKkQtwdIqWA9s3Me6lE69LS2sucBlFnZdXhd2PKjzJuQO403iadp3GZB9abonfa9XWS8rzs7t9Bo96-dbAIQbJBIwhQgydAKujB1IiFnYuRQoycGZwjj-yrd3I6gnWEwqzeH8iTN30:1oCMMg:ZBjAAuLuOGZ-pq1LDihuOySbXp6fFcQMOg6vpbmpE7Y", "expire_date": "2022-07-29T14:32:22.586Z"}}, {"model": "sessions.session", "pk": "svrmi0dxvkneyk2agxl3x3oz9t9s0uxd", "fields": {"session_data": ".eJxVjDsOwjAQBe_iGln-LMZLSc8ZrF2vjQMokeKkQtwdIqWA9s3Me6lE69LS2sucBlFnZdXhd2PKjzJuQO403iadp3GZB9abonfa9XWS8rzs7t9Bo96-dbAIQbJBIwhQgydAKujB1IiFnYuRQoycGZwjj-yrd3I6gnWEwqzeH8iTN30:1oDTZh:HCGY79JaWwOYrZX6vXI6Nc0FBRjy4UCdjl0t8iW6M8w", "expire_date": "2022-08-01T16:26:25.451Z"}}, {"model": "sessions.session", "pk": "xe3n9wl0l62dmnogqz2flnluk1gh97eq", "fields": {"session_data": ".eJxVjDsOwjAQBe_iGln-LMZLSc8ZrF2vjQMokeKkQtwdIqWA9s3Me6lE69LS2sucBlFnZdXhd2PKjzJuQO403iadp3GZB9abonfa9XWS8rzs7t9Bo96-dbAIQbJBIwhQgydAKujB1IiFnYuRQoycGZwjj-yrd3I6gnWEwqzeH8iTN30:1oCMMg:ZBjAAuLuOGZ-pq1LDihuOySbXp6fFcQMOg6vpbmpE7Y", "expire_date": "2022-07-29T14:32:22.077Z"}}]
